{"lr": 9.328331606217618e-06, "data_time": 0.004775381088256836, "loss": 1.1346631973981858, "time": 1.877772569656372, "iter": 10, "memory": 11588, "step": 10}
{"lr": 1.9690922279792745e-05, "data_time": 0.0038578033447265623, "loss": 1.1830868303775788, "time": 1.879216742515564, "grad_norm": 0.08570998907089233, "iter": 20, "memory": 12796, "step": 20}
{"lr": 3.005351295336787e-05, "data_time": 0.003906893730163574, "loss": 1.249937641620636, "time": 1.8803096771240235, "grad_norm": 0.08570998907089233, "iter": 30, "memory": 12796, "step": 30}
